project,site_url,submission_or_label,user_reported_result,evidence_status
GEMSDOE,https://buffedlizard55-lab.github.io/GEMSDOE/docs/index.html,gems-submission-20260925T001403Z-7f00890a,0.1563,user_prompt_unverified
6GEMSDOE,https://buffedlizard55-lab.github.io/6GEMSDOE/,gems6_hgb88-topk03_33cec71ff0,0.0286,user_prompt_unverified
GEMSDOE3,https://buffedlizard55-lab.github.io/GEMSDOE3/docs/index.html,pindrop-v4-nodes-20260925T152420Z-f347b70daa,0.1193,user_prompt_unverified
GEMSDOE3,https://buffedlizard55-lab.github.io/GEMSDOE3/docs/index.html,pindrop-v4-discovery-20260925T152423Z-37f9d5b855,0.0830,user_prompt_unverified
GEMSDOE3,https://buffedlizard55-lab.github.io/GEMSDOE3/docs/index.html,pindrop-v4-ridge-20260925T152422Z-4e03fc9705,0.1152,user_prompt_unverified
GEMSDOE2,https://buffedlizard55-lab.github.io/GEMSDOE2/docs/index.html,gemsdoe2-dual-family-union-20260925T160406Z-f68e590f,0.1560,user_prompt_unverified
GEMSDOE4,https://buffedlizard55-lab.github.io/GEMSDOE4/,gems-submission-20260926T163915Z-237f0063,0.0343,user_prompt_unverified
5GEMSDOE,https://buffedlizard55-lab.github.io/5GEMSDOE/docs/index.html,gems-submission-20260926T175114Z-7f00890a,0.1563,user_prompt_unverified
7GEMSDOE,https://buffedlizard55-lab.github.io/7GEMSDOE/,lidarscarp-ridge-top2pct-36c3a3f341c8,0.1461,user_prompt_unverified
8GEMSDOE,https://buffedlizard55-lab.github.io/8GEMSDOE/,Hedge-v2_submission,0.1563,user_prompt_unverified
GEMSDOE9,https://buffedlizard55-lab.github.io/GEMSDOE9/docs/index.html,2314b599,0.0107,user_prompt_unverified
11GEMSDOE,https://buffedlizard55-lab.github.io/11GEMSDOE/docs/index.html,gems-structural-area06-v1,0.0202,user_prompt_unverified
12GEMSDOE,https://buffedlizard55-lab.github.io/12GEMSDOE/docs/index.html,r7-nms3-dem10-scarp_0c9199f14e62,0.1294,user_prompt_unverified
12GEMSDOE,https://buffedlizard55-lab.github.io/12GEMSDOE/docs/index.html,r7-nms3-dem10-scarp_0c9199f14e62_allfinite,0.1294,user_prompt_unverified
15GEMSDOE,https://buffedlizard55-lab.github.io/15GEMSDOE/docs/index.html,gems-tso1-20260929T005627Z-conj_alteration_mag,0.0782,user_prompt_unverified
14GEMSDOE,https://buffedlizard55-lab.github.io/14GEMSDOE/docs/index.html,GEMS_r5-geom-horse-ensemble_20260929T154852Z_ccbe1de0_site_e96e942f,0.0020,user_prompt_unverified
17GEMSDOE,https://buffedlizard55-lab.github.io/17GEMSDOE/,17GEMSDOE_F-ensemble-2pct_20260930T050626Z,0.0187,user_prompt_unverified
18GEMSDOE,https://buffedlizard55-lab.github.io/18GEMSDOE/,H19-C_20260930T212401Z_c11e495e,0.0297,user_prompt_unverified
19GEMSDOE,https://buffedlizard55-lab.github.io/19GEMSDOE/docs/index.html,h19-4-multiline-corroborated-openness-thermal-pop-20260930-691e4dfa-nan,0.1894,user_prompt_unverified
19GEMSDOE,https://buffedlizard55-lab.github.io/19GEMSDOE/docs/index.html,h19-5-powerlaw-budget-multiline-corroborated-20260930-e27054cf-nan,0.1922,user_prompt_unverified
GEMSDOE10,https://buffedlizard55-lab.github.io/GEMSDOE10/,h16-continuation-20260927T065521077735Z-3431b83c7c,0.0461,user_prompt_unverified
GEMSDOE10,https://buffedlizard55-lab.github.io/GEMSDOE10/,h20-dem10-scarp-thin-20260927T155223039488Z-ffc91a1686,0.0921,user_prompt_unverified
GEMSDOE10,https://buffedlizard55-lab.github.io/GEMSDOE10/,H25-ctx-ridge-20260927T232947704150Z-6452ae1d00,0.1280,user_prompt_unverified
GEMSDOE10,https://buffedlizard55-lab.github.io/GEMSDOE10/,h28-dotted-ridge-20260928T020256236880Z-6452ae1d00,0.1839,user_prompt_unverified
13GEMSDOE,https://buffedlizard55-lab.github.io/13GEMSDOE/,20261001_r13-lattice-s5_v2_nan-outside,0.0904,user_prompt_unverified
16GEMSDOE,https://buffedlizard55-lab.github.io/16GEMSDOE/docs/index.html,h16-1-topo-geophys-baseline-ridges-20260930-df20f65e-nan,0.1855,user_prompt_unverified
16GEMSDOE,https://buffedlizard55-lab.github.io/16GEMSDOE/docs/index.html,h18-3a-dti-optimal-emission-6pct-20261002-e2ec4b49-nan,0.0976,user_prompt_unverified
16GEMSDOE,https://buffedlizard55-lab.github.io/16GEMSDOE/docs/index.html,h18-4-usgs-geologic-map-faults-gap-20260930-aef8f42c-nan,0.0360,user_prompt_unverified
20GEMSDOE,https://buffedlizard55-lab.github.io/20GEMSDOE/docs/index.html,h20-1-sarnnpu-powerlaw-pi0363-tilt-wingcrack-20260930-be0e8f6b-nan,0.1890,user_prompt_unverified
20GEMSDOE,https://buffedlizard55-lab.github.io/20GEMSDOE/docs/index.html,h20-5-continuous-pu-proxy-unverified-20260930-824ce73a-nan,0.1859,user_prompt_unverified
GEMSDOE22,https://buffedlizard55-lab.github.io/GEMSDOE22/docs/index.html,h23-a-dti-optimal-emission-6pct-20261002-e2ec4b49-nan,0.1002,user_prompt_unverified
GEMSDOE22,https://buffedlizard55-lab.github.io/GEMSDOE22/docs/index.html,h23-b-dti-optimal-emission-10pct-20261002-86176698-nan,0.0748,user_prompt_unverified
GEMSDOE23,https://buffedlizard55-lab.github.io/GEMSDOE23/,h30-arrangement-matched-habitat-20261002-0d4e02e8-nan,0.1352,user_prompt_unverified
GEMSDOE24,https://buffedlizard55-lab.github.io/GEMSDOE24/,h25-1-dotted-h19-5-d1-5-20261002-989f59505db1-nan,0.2477,user_prompt_unverified
GEMSDOE25,https://buffedlizard55-lab.github.io/GEMSDOE25/,dotted-h19-5-d2-8-20261002-e56ea318af89-nan,0.2600,user_prompt_unverified
GEMSDOE26,https://buffedlizard55-lab.github.io/GEMSDOE26/,dilcond-oof-v1-20261003-47629f496133-nan,0.1223,user_prompt_unverified
GEMSDOE27,https://buffedlizard55-lab.github.io/GEMSDOE27/,topo-gap-closure-t-v2-on-d1-5-20261002-5512495c6bd1-nan,0.2449,user_prompt_unverified
GEMSDOE28,https://buffedlizard55-lab.github.io/GEMSDOE28/,h27-4-r1-solo-d2-8-20261003-8acb75e1f2cc-nan,0.2708,user_prompt_unverified
GEMSDOE28,https://buffedlizard55-lab.github.io/GEMSDOE28/,h32-1-prethin-tip-euler-d2-8-20261003-31e35eee884e-nan,0.2649,user_prompt_unverified
GEMSDOE28,https://buffedlizard55-lab.github.io/GEMSDOE28/,h36-1-rung30-blind-r1-20261003-b531dae0a36f-nan,not_reported,user_prompt_unverified
GEMSDOE28,https://buffedlizard55-lab.github.io/GEMSDOE28/,h38-1-hf-euler-r30-r1-20261003-56a9f473edc7-nan,not_reported,user_prompt_unverified
GEMSDOE29,https://buffedlizard55-lab.github.io/GEMSDOE29/docs/index.html,efd28-repro-20261003-1cc7dc534d51-nan,0.2600,user_prompt_unverified
GEMSDOE29,https://buffedlizard55-lab.github.io/GEMSDOE29/docs/index.html,repo-c0-habitat-emission-20261003-a4d439b07426-nan,0.0041,user_prompt_unverified
GEMSDOE29,https://buffedlizard55-lab.github.io/GEMSDOE29/docs/index.html,sgmc-off-catalogue-44k-20261003-c8dcd780e3fd-nan,not_reported,user_prompt_unverified
GEMSDOE29,https://buffedlizard55-lab.github.io/GEMSDOE29/docs/index.html,wormrank-d28-20261003-59dcaf6dd11d-zeros,zero_status,user_prompt_unverified
GEMSDOE29,https://buffedlizard55-lab.github.io/GEMSDOE29/docs/index.html,wormsurv-filter-20261003-921f10960d6e-zeros,zero_status,user_prompt_unverified
GEMSDOE29,https://buffedlizard55-lab.github.io/GEMSDOE29/docs/index.html,xfit-c0-habitat-20261003-ca879db0089a-zeros,zero_status,user_prompt_unverified
GEMSDOE29,https://buffedlizard55-lab.github.io/GEMSDOE29/docs/index.html,xfit-h41-union-qfaults-20261003-9edb34b99e3a-zeros,zero_status,user_prompt_unverified
GEMSDOE30,https://buffedlizard55-lab.github.io/GEMSDOE30/,d28-poisson300m-offcat-44090-20261003T233156Z-91eae1ca,0.2600,user_prompt_unverified
GEMSDOE31,https://buffedlizard55-lab.github.io/GEMSDOE31/docs/,h27-4-solo-d28-20261004-8acb75e1-nan,0.2708,user_prompt_unverified
GEMSDOE32,https://buffedlizard55-lab.github.io/GEMSDOE32/docs/index.html,h33-h33-2-b2-20261004T220000Z-e5eb6e7e-zeros,0.2778,attribution_conflict_site_says_unscored_official_board_has_unlinked_0.2778_row
GEMSDOE33,https://buffedlizard55-lab.github.io/GEMSDOE33/,h33d-analog-tip-stepover-r30-20261004-cb490425926e,0.2632,user_prompt_unverified
GEMSDOE34,https://buffedlizard55-lab.github.io/GEMSDOE34/docs/index.html,h34-scatter-q50-arr-matched-20261004T223317Z,0.0778,user_prompt_unverified
GEMSDOE35,https://buffedlizard55-lab.github.io/GEMSDOE35/docs/index.html,h35-06-aaa86efb25-20261004T225420098147Z-candidate,0.0418,user_prompt_unverified
GEMSDOE36,https://buffedlizard55-lab.github.io/GEMSDOE36/docs/,anderson-geothermal-pinn-38854-20261004T230000Z-9b9ea4e6-zeros,not_reported,user_prompt_unverified
GEMSDOE37,https://buffedlizard55-lab.github.io/GEMSDOE37/,h6-physics-dotted-80k-20261005T055000Z-0bef9211631c,not_reported,user_prompt_unverified
GEMSDOE38,https://buffedlizard55-lab.github.io/GEMSDOE38/docs/index.html,D-step-3p0-07pct-tipProt-20261005-ecfbf59e2b48-zero,not_reported,user_prompt_unverified
GEMSDOE39,https://buffedlizard55-lab.github.io/GEMSDOE39/,h40-e-disc-h40e-30k-zeros,not_reported,user_prompt_unverified
GEMSDOE40,not_provided,no_submission_result_listed,not_reported,user_prompt_unverified
GEMSDOE41,not_provided,no_submission_result_listed,not_reported,user_prompt_unverified
GEMSDOE42,https://github.com/buffedlizard55-lab/GEMSDOE42,empty_checkout_at_session_start,not_reported,local_git_verified
GEMSDOE42,not_yet_built,no_candidate_submitted,no_score,local_checkout_verified
GEMSDOE43,not_provided,no_submission_result_listed,not_reported,user_prompt_unverified
GEMSDOE44,not_provided,no_submission_result_listed,not_reported,user_prompt_unverified
