submission_id,project,site_url,artifact_path,sha256,artifact_status
GEMSDOE:gems-submission-20260925T001403Z-7f00890a,GEMSDOE,https://buffedlizard55-lab.github.io/GEMSDOE/docs/index.html,,,needs_local_artifact_and_hash
6GEMSDOE:gems6_hgb88-topk03_33cec71ff0,6GEMSDOE,https://buffedlizard55-lab.github.io/6GEMSDOE/,,,needs_local_artifact_and_hash
GEMSDOE3:pindrop-v4-nodes-20260925T152420Z-f347b70daa,GEMSDOE3,https://buffedlizard55-lab.github.io/GEMSDOE3/docs/index.html,,,needs_local_artifact_and_hash
GEMSDOE3:pindrop-v4-discovery-20260925T152423Z-37f9d5b855,GEMSDOE3,https://buffedlizard55-lab.github.io/GEMSDOE3/docs/index.html,,,needs_local_artifact_and_hash
GEMSDOE3:pindrop-v4-ridge-20260925T152422Z-4e03fc9705,GEMSDOE3,https://buffedlizard55-lab.github.io/GEMSDOE3/docs/index.html,,,needs_local_artifact_and_hash
GEMSDOE2:gemsdoe2-dual-family-union-20260925T160406Z-f68e590f,GEMSDOE2,https://buffedlizard55-lab.github.io/GEMSDOE2/docs/index.html,,,needs_local_artifact_and_hash
GEMSDOE4:gems-submission-20260926T163915Z-237f0063,GEMSDOE4,https://buffedlizard55-lab.github.io/GEMSDOE4/,,,needs_local_artifact_and_hash
5GEMSDOE:gems-submission-20260926T175114Z-7f00890a,5GEMSDOE,https://buffedlizard55-lab.github.io/5GEMSDOE/docs/index.html,,,needs_local_artifact_and_hash
7GEMSDOE:lidarscarp-ridge-top2pct-36c3a3f341c8,7GEMSDOE,https://buffedlizard55-lab.github.io/7GEMSDOE/,,,needs_local_artifact_and_hash
8GEMSDOE:Hedge-v2_submission,8GEMSDOE,https://buffedlizard55-lab.github.io/8GEMSDOE/,,,needs_local_artifact_and_hash
GEMSDOE9:2314b599,GEMSDOE9,https://buffedlizard55-lab.github.io/GEMSDOE9/docs/index.html,,,needs_local_artifact_and_hash
11GEMSDOE:gems-structural-area06-v1,11GEMSDOE,https://buffedlizard55-lab.github.io/11GEMSDOE/docs/index.html,,,needs_local_artifact_and_hash
12GEMSDOE:r7-nms3-dem10-scarp_0c9199f14e62,12GEMSDOE,https://buffedlizard55-lab.github.io/12GEMSDOE/docs/index.html,,,needs_local_artifact_and_hash
12GEMSDOE:r7-nms3-dem10-scarp_0c9199f14e62_allfinite,12GEMSDOE,https://buffedlizard55-lab.github.io/12GEMSDOE/docs/index.html,,,needs_local_artifact_and_hash
15GEMSDOE:gems-tso1-20260929T005627Z-conj_alteration_mag,15GEMSDOE,https://buffedlizard55-lab.github.io/15GEMSDOE/docs/index.html,,,needs_local_artifact_and_hash
14GEMSDOE:GEMS_r5-geom-horse-ensemble_20260929T154852Z_ccbe1de0_site_e96e942f,14GEMSDOE,https://buffedlizard55-lab.github.io/14GEMSDOE/docs/index.html,,,needs_local_artifact_and_hash
17GEMSDOE:17GEMSDOE_F-ensemble-2pct_20260930T050626Z,17GEMSDOE,https://buffedlizard55-lab.github.io/17GEMSDOE/,,,needs_local_artifact_and_hash
18GEMSDOE:H19-C_20260930T212401Z_c11e495e,18GEMSDOE,https://buffedlizard55-lab.github.io/18GEMSDOE/,,,needs_local_artifact_and_hash
19GEMSDOE:h19-4-multiline-corroborated-openness-thermal-pop-20260930-691e4dfa-nan,19GEMSDOE,https://buffedlizard55-lab.github.io/19GEMSDOE/docs/index.html,,,needs_local_artifact_and_hash
19GEMSDOE:h19-5-powerlaw-budget-multiline-corroborated-20260930-e27054cf-nan,19GEMSDOE,https://buffedlizard55-lab.github.io/19GEMSDOE/docs/index.html,,,needs_local_artifact_and_hash
GEMSDOE10:h16-continuation-20260927T065521077735Z-3431b83c7c,GEMSDOE10,https://buffedlizard55-lab.github.io/GEMSDOE10/,,,needs_local_artifact_and_hash
GEMSDOE10:h20-dem10-scarp-thin-20260927T155223039488Z-ffc91a1686,GEMSDOE10,https://buffedlizard55-lab.github.io/GEMSDOE10/,,,needs_local_artifact_and_hash
GEMSDOE10:H25-ctx-ridge-20260927T232947704150Z-6452ae1d00,GEMSDOE10,https://buffedlizard55-lab.github.io/GEMSDOE10/,,,needs_local_artifact_and_hash
GEMSDOE10:h28-dotted-ridge-20260928T020256236880Z-6452ae1d00,GEMSDOE10,https://buffedlizard55-lab.github.io/GEMSDOE10/,,,needs_local_artifact_and_hash
13GEMSDOE:20261001_r13-lattice-s5_v2_nan-outside,13GEMSDOE,https://buffedlizard55-lab.github.io/13GEMSDOE/,,,needs_local_artifact_and_hash
16GEMSDOE:h16-1-topo-geophys-baseline-ridges-20260930-df20f65e-nan,16GEMSDOE,https://buffedlizard55-lab.github.io/16GEMSDOE/docs/index.html,,,needs_local_artifact_and_hash
16GEMSDOE:h18-3a-dti-optimal-emission-6pct-20261002-e2ec4b49-nan,16GEMSDOE,https://buffedlizard55-lab.github.io/16GEMSDOE/docs/index.html,,,needs_local_artifact_and_hash
16GEMSDOE:h18-4-usgs-geologic-map-faults-gap-20260930-aef8f42c-nan,16GEMSDOE,https://buffedlizard55-lab.github.io/16GEMSDOE/docs/index.html,,,needs_local_artifact_and_hash
20GEMSDOE:h20-1-sarnnpu-powerlaw-pi0363-tilt-wingcrack-20260930-be0e8f6b-nan,20GEMSDOE,https://buffedlizard55-lab.github.io/20GEMSDOE/docs/index.html,,,needs_local_artifact_and_hash
20GEMSDOE:h20-5-continuous-pu-proxy-unverified-20260930-824ce73a-nan,20GEMSDOE,https://buffedlizard55-lab.github.io/20GEMSDOE/docs/index.html,,,needs_local_artifact_and_hash
GEMSDOE22:h23-a-dti-optimal-emission-6pct-20261002-e2ec4b49-nan,GEMSDOE22,https://buffedlizard55-lab.github.io/GEMSDOE22/docs/index.html,,,needs_local_artifact_and_hash
GEMSDOE22:h23-b-dti-optimal-emission-10pct-20261002-86176698-nan,GEMSDOE22,https://buffedlizard55-lab.github.io/GEMSDOE22/docs/index.html,,,needs_local_artifact_and_hash
GEMSDOE23:h30-arrangement-matched-habitat-20261002-0d4e02e8-nan,GEMSDOE23,https://buffedlizard55-lab.github.io/GEMSDOE23/,,,needs_local_artifact_and_hash
GEMSDOE24:h25-1-dotted-h19-5-d1-5-20261002-989f59505db1-nan,GEMSDOE24,https://buffedlizard55-lab.github.io/GEMSDOE24/,,,needs_local_artifact_and_hash
GEMSDOE25:dotted-h19-5-d2-8-20261002-e56ea318af89-nan,GEMSDOE25,https://buffedlizard55-lab.github.io/GEMSDOE25/,,,needs_local_artifact_and_hash
GEMSDOE26:dilcond-oof-v1-20261003-47629f496133-nan,GEMSDOE26,https://buffedlizard55-lab.github.io/GEMSDOE26/,,,needs_local_artifact_and_hash
GEMSDOE27:topo-gap-closure-t-v2-on-d1-5-20261002-5512495c6bd1-nan,GEMSDOE27,https://buffedlizard55-lab.github.io/GEMSDOE27/,,,needs_local_artifact_and_hash
GEMSDOE28:h27-4-r1-solo-d2-8-20261003-8acb75e1f2cc-nan,GEMSDOE28,https://buffedlizard55-lab.github.io/GEMSDOE28/,,,needs_local_artifact_and_hash
GEMSDOE28:h32-1-prethin-tip-euler-d2-8-20261003-31e35eee884e-nan,GEMSDOE28,https://buffedlizard55-lab.github.io/GEMSDOE28/,,,needs_local_artifact_and_hash
GEMSDOE28:h36-1-rung30-blind-r1-20261003-b531dae0a36f-nan,GEMSDOE28,https://buffedlizard55-lab.github.io/GEMSDOE28/,,,needs_local_artifact_and_hash
GEMSDOE28:h38-1-hf-euler-r30-r1-20261003-56a9f473edc7-nan,GEMSDOE28,https://buffedlizard55-lab.github.io/GEMSDOE28/,,,needs_local_artifact_and_hash
GEMSDOE29:efd28-repro-20261003-1cc7dc534d51-nan,GEMSDOE29,https://buffedlizard55-lab.github.io/GEMSDOE29/docs/index.html,,,needs_local_artifact_and_hash
GEMSDOE29:repo-c0-habitat-emission-20261003-a4d439b07426-nan,GEMSDOE29,https://buffedlizard55-lab.github.io/GEMSDOE29/docs/index.html,,,needs_local_artifact_and_hash
GEMSDOE29:sgmc-off-catalogue-44k-20261003-c8dcd780e3fd-nan,GEMSDOE29,https://buffedlizard55-lab.github.io/GEMSDOE29/docs/index.html,,,needs_local_artifact_and_hash
GEMSDOE29:wormrank-d28-20261003-59dcaf6dd11d-zeros,GEMSDOE29,https://buffedlizard55-lab.github.io/GEMSDOE29/docs/index.html,,,needs_local_artifact_and_hash
GEMSDOE29:wormsurv-filter-20261003-921f10960d6e-zeros,GEMSDOE29,https://buffedlizard55-lab.github.io/GEMSDOE29/docs/index.html,,,needs_local_artifact_and_hash
GEMSDOE29:xfit-c0-habitat-20261003-ca879db0089a-zeros,GEMSDOE29,https://buffedlizard55-lab.github.io/GEMSDOE29/docs/index.html,,,needs_local_artifact_and_hash
GEMSDOE29:xfit-h41-union-qfaults-20261003-9edb34b99e3a-zeros,GEMSDOE29,https://buffedlizard55-lab.github.io/GEMSDOE29/docs/index.html,,,needs_local_artifact_and_hash
GEMSDOE30:d28-poisson300m-offcat-44090-20261003T233156Z-91eae1ca,GEMSDOE30,https://buffedlizard55-lab.github.io/GEMSDOE30/,,,needs_local_artifact_and_hash
GEMSDOE31:h27-4-solo-d28-20261004-8acb75e1-nan,GEMSDOE31,https://buffedlizard55-lab.github.io/GEMSDOE31/docs/,,,needs_local_artifact_and_hash
GEMSDOE32:h33-h33-2-b2-20261004T220000Z-e5eb6e7e-zeros,GEMSDOE32,https://buffedlizard55-lab.github.io/GEMSDOE32/docs/index.html,,,needs_local_artifact_and_hash
GEMSDOE33:h33d-analog-tip-stepover-r30-20261004-cb490425926e,GEMSDOE33,https://buffedlizard55-lab.github.io/GEMSDOE33/,,,needs_local_artifact_and_hash
GEMSDOE34:h34-scatter-q50-arr-matched-20261004T223317Z,GEMSDOE34,https://buffedlizard55-lab.github.io/GEMSDOE34/docs/index.html,,,needs_local_artifact_and_hash
GEMSDOE35:h35-06-aaa86efb25-20261004T225420098147Z-candidate,GEMSDOE35,https://buffedlizard55-lab.github.io/GEMSDOE35/docs/index.html,,,needs_local_artifact_and_hash
GEMSDOE36:anderson-geothermal-pinn-38854-20261004T230000Z-9b9ea4e6-zeros,GEMSDOE36,https://buffedlizard55-lab.github.io/GEMSDOE36/docs/,,,needs_local_artifact_and_hash
GEMSDOE37:h6-physics-dotted-80k-20261005T055000Z-0bef9211631c,GEMSDOE37,https://buffedlizard55-lab.github.io/GEMSDOE37/,,,needs_local_artifact_and_hash
GEMSDOE38:D-step-3p0-07pct-tipProt-20261005-ecfbf59e2b48-zero,GEMSDOE38,https://buffedlizard55-lab.github.io/GEMSDOE38/docs/index.html,,,needs_local_artifact_and_hash
GEMSDOE39:h40-e-disc-h40e-30k-zeros,GEMSDOE39,https://buffedlizard55-lab.github.io/GEMSDOE39/,,,needs_local_artifact_and_hash
